key,valor,,
site_name,Flutter Buy & Sell Admin Panel,,
title_bar_seperator,|,,
added_date,Fecha,,
upload_point_label,Subir Point,,
success_item_report,Informe artículo ha sido agregado con éxito,,
signin,Registrarse,,
check_for_detail,Compruebe para más detalle!,,
success_delete,Se han eliminado las,,
success_save_contact,Gracias por contactarnos. Vamos a llegar de nuevo a usted pronto.,,
success_contact_delete,Contacto mensaje se ha eliminado correctamente,,
btn_search,Buscar,,
btn_add_new,Añadir nuevo,,
btn_edit,Editar,,
btn_save,Salvar,,
btn_save_gallery,Guardar y Ir a la galería,,
btn_cancel,Cancelar,,
btn_yes,si,,
btn_delete,Eliminar,,
btn_publish,Publicar,,
btn_replace_photo,Vuelva a colocar las fotos,,
btn_replace_icon,reemplazar Icono,,
back_button,atrás,,
lbl_view,Ver,,
chat_history_save_success,historial de chat se ha añadido con éxito,,
chat_history_update_success,historial de chat se ha actualizado correctamente,,
btn_version,Versión,,
ver_info,Información de versión,,
ver_no_label,versión n,,
ver_msg_label,versión Mensaje,,
ver_title_label,versión Título,,
ver_force_update,Actualización de la versión de la Fuerza?,,
ver_need_data,Versión clara necesidad de datos?,,
success_version_add,Versión se ha añadido con éxito,,
success_version_edit,Versión se ha actualizado correctamente,,
dashboard,Tablero,,
no,No,,
del_cover_photo,Eliminar la foto de portada,,
youtube_url,Youtube URL,,
profile_img,Imagen de perfil,,
success_upload,La imagen se ha cargado correctamente,,
success_img_delete,La imagen se ha eliminado correctamente,,
error_login,Correo electrónico y contraseña no coinciden,,
err_access,"Lo sentimos, usted no tiene acceso a tomar esta acción",,
err_model,Se ha producido error de base de datos,,
err_sys,Se ha producido un error del sistema,,
err_upload,Se ha producido error de subida,,
wrn_no_data,No hay datos aún,,
del_cover_photo_confirm,¿Está seguro de que quiere borrar la foto?,,
upload_photo,Subir foto,,
no_record,No hay más registros,,
invalid_api_key,Clave de API no es válido,,
invalid_user_id,ID de usuario invalido,,
invalid_item_id,ID de elemento no válido,,
role,Papel,,
user_name,Nombre de usuario,,
user_email,Email,,
user_password,Contraseña,,
conf_password,confirmar Contraseña,,
user_phone,Teléfono,,
allowed_modules,Módulos permitidos,,
user_ban,Prohibición,,
user_unban,eliminar la prohibición,,
user_info,informacion del usuario,,
user_list,Lista de usuarios,,
user_add,Añadir nuevo usuario,,
user_edit,editar usuario,,
user_search,la búsqueda de usuarios,,
err_dup_email,Dirección de correo electrónico está ya existía en el sistema,,
err_dup_name,El nombre ya se existía en el sistema,,
err_user_name_blank,Sírvanse proporcionar nombre de usuario,,
err_user_name_len,La longitud del nombre de usuario debe ser mayor que 4,,
err_user_email_blank,"Por favor, indique la dirección de correo electrónico",,
err_user_email_invalid,"Por favor, indique la dirección de correo electrónico válida",,
err_user_email_exist,Dirección de correo electrónico está ya existía en el sistema,,
err_user_pass_blank,"Por favor, proporcione la contraseña",,
err_user_pass_len,La longitud de la contraseña debe ser mayor que 4,,
err_user_pass_conf_blank,Sírvanse proporcionar confirmación de contraseña,,
err_user_pass_conf_not_match,Contraseña y confirmación de contraseña no coinciden,,
err_permission_blank,"Por favor, seleccione qué módulos son capaces de acceder",,
success_user_add,El usuario ha sido agregado con éxito,,
success_user_edit,El usuario ha sido actualizado con éxito,,
err_user_banned,"En este momento, no se puede iniciar sesión porque su cuenta está prohibida.",,
cat_info,Información de la Categoría,,
cat_name,nombre de la categoría,,
cat_ordering,Orden de la categoría,,
cat_img,Categoría de la foto de portada,,
cat_icon,Icono Categoría,,
cat_search,la búsqueda Categoría,,
cat_select,Elija un nombre de categoría,,
cat_add,añadir categoría,,
cat_edit,Editar categoria,,
success_cat_edit,Categoría se ha actualizado correctamente,,
success_cat_add,Categoría se ha añadido con éxito,,
success_cat_delete,Categoría se ha eliminado correctamente,,
err_cat_name,Por favor proporcione nombre de la categoría,,
err_cat_len,La longitud del nombre de categoría debe ser mayor que 4,,
err_cat_exist,Nombre de categoría ya está existía en el sistema,,
delete_cat_label,Eliminar categoría?,,
cat_delete_confirm_message,¿Quieres eliminar toda la categoría?,,
cat_yes_all_message,Sí Todo - Categoría y artículos serán eliminar del sistema.,,
cat_no_only_message,Categoría Sólo - Categoría Sólo se eliminarán del sistema.,,
cat_yes_all_label,Si todo,,
cat_no_only_label,Categoría Sólo,,
subcat_info,Información Categoría Sub,,
subcat_name,Subcategoría Nombre,,
subcat_ordering,Orden de la categoría sub,,
subcat_img,Categoría Sub fotos,,
subcat_icon,Sub Icono,,
subcat_search,Buscar categoría Sub,,
subcat_add,Añadir categoría Sub,,
subcat_edit,Editar categoría Sub,,
success_subcat_edit,Sub se ha actualizado correctamente,,
success_subcat_add,Sub se ha añadido con éxito,,
success_subcat_delete,Sub se ha eliminado correctamente,,
err_subcat_name,"Por favor, indique el nombre sub-categoría",,
err_subcat_len,La longitud del Subcategoría Nombre debe ser mayor que 4,,
err_subcat_exist,Subcategoría Nombre ya existía en el sistema,,
delete_subcat_label,Eliminar categoría Sub?,,
subcat_delete_confirm_message,¿Seguro que elimina este Sub Categry?,,
subcat_yes_all_message,"Cuando eliminar esta categoría sub, borrará todos los productos relacionados también. Así que, ¿todavía desea eliminarlo?",,
subcat_no_only_message,<B> Sólo Sub </ b> - Sólo serán Sub eliminar de sistema.,,
subcat_yes_all_label,Si todo,,
subcat_no_only_label,Sólo Sub Categoría,,
select_subcat,Seleccionar categoría Sub,,
select_cat,selecciona una categoría,,
subcat_panel_title,Lista de categoría sub,,
Prd_search_cat,Elija un nombre de categoría,,
delete_contact_label,Eliminar contacto Mensaje?,,
contact_delete_confirm_message,¿Quieres eliminar el mensaje de contacto?,,
detail_contact_label,Detalle de contacto Mensaje,,
contact_info_label,Información de contacto Mensaje,,
about_contact_label,Acerca de contacto Mensaje,,
contact_info_label,Información de Contacto Detalle,,
contact_name,Nombre del Contacto,,
contact_email,Persona de contacto de correo electrónico,,
contact_phone,Persona de Contacto Teléfono,,
btn_reset,Reiniciar,,
reset_password,Restablecer la contraseña,,
contact_receive_message,Ha recibido un nuevo mensaje de nosotros contacto.,,
nav_profile,Ir al perfil,,
nav_backend,Ir al backend,,
nav_logout,Cerrar sesión,,
total_label,total:,,
device_label,Dispositivo,,
devices_label,dispositivos,,
registered_label,se ha registrado para notificaciones push,,
noti_info,Notificación de inserción,,
noti_message_label,Mensaje,,
noti_message_tooltips,Por favor proporcione la messsage para la notificación de inserción.,,
noti_send_btn,Enviar notificaciones push,,
sorry_no_device,"Lo sentimos, no hay ningún dispositivo registrado para la notificación Push.",,
select_cat,selecciona una categoría,,
success_noti_add,La notificación se ha añadido con éxito,,
success_noti_delete,La notificación se ha eliminado correctamente,,
delete_noti_label,Notificación de eliminación?,,
noti_yes_message,Notificación sí- eliminará a partir del sistema.,,
push_message,Mensaje push,,
noti_des_label,Descripción,,
noti_img,notificación de fotos,,
noti_search,Buscar Noti,,
select_cat,selecciona una categoría,,
noti_add,Añadir Noti,,
app_info_lable,Acerca de Información,,
about_title_label,sobre el Título,,
description_label,Descripción acerca,,
about_email_label,Acerca de correo electrónico,,
about_phone_label,Teléfono sobre,,
about_website_label,Acerca de Enlace al sitio Web,,
about_seo_section,Información SEO,,
about_seo_title_label,SEO Título,,
about_seo_desc_label,Descripción SEO,,
about_seo_keywords_label,SEO,,
about_social_section,Información Social,,
about_facebook_label,Facebook,,
about_gplus_label,Google+,,
about_instagram_label,Instagram,,
about_youtube_label,Youtube,,
about_pinterest_label,Pinterest,,
about_twitter_label,Gorjeo,,
about_color_section,Sobre el sitio tema de color,,
about_theme,Temas disponibles,,
success_about_edit,Sobre está actualizado correctamente,,
about_ads_analyt,Google Analytic y Anuncios Ajuste,,
about_ads_client,anuncios de cliente,,
about_ads_slot,anuncios Slot,,
about_analyt_track_id,Id Track Analytic,,
about_ads_on,Habilitar Google Adsense,,
about_analyt_on,Habilitar Google Analytic,,
gdpr_label,GDPR contenido,,
safety_tips_label,Consejos de seguridad,,
total_users_count_label,Usuarios Registrados,,
total_cat_count_label,Total de categorías,,
total_contact_label,Total de contacto Mensaje,,
total_likes_count_label,Le gusta total Conde,,
total_favs_count_label,Total de favoritos Count,,
total_comments_count_label,Total de los comentarios,,
category_panel_title,Categorías recientes,,
recent_news_panel_title,Noticias recientes,,
available_inside,Noticias disponibles dentro de esta categoría.,,
contact_message,contacto Mensajes,,
user_latest_members,Los últimos usuarios registrados,,
success_contact,Su mensaje a salvar con éxito en el sistema.,,
file_na,No disponible,,
required_platform,Plataforma requerida,,
err_noti_register,"Lo sentimos, no hay problema para el registro de notificaciones push",,
success_noti_register,El dispositivo registrado con éxito para notificaciones push.,,
success_noti_unregister,El dispositivo no registrado con éxito para notificaciones push.,,
err_noti_unregister,"Lo sentimos, existe el problema de la eliminación del registro de notificaciones push",,
success_touch_count,Conde toque con éxito insertado.,,
err_touch_count,Problema In Touch cuenta!,,
err_user_register,"Lo sentimos, existe el problema de registro de usuario.",,
err_user_not_exist,"En este momento, el usuario no es existir en el sistema.",,
err_user_not_verify,"Lo sentimos, tu cuenta aún no se verifique.",,
err_email_not_send,"Lo sentimos, no hay problema en el envío de correo electrónico.",,
err_user_update,"Lo sentimos, no hay problema en la actualización de la información del usuario.",,
err_user_password_update,"Lo sentimos, no hay problema en la contraseña del usuario de actualización.",,
success_profile_update,Su perfil actualizado correctamente.,,
success_email_sent,Correo electrónico se ha enviado.,,
success_reset,Contraseña se ha restablecido con éxito,,
success_reset_email_sent,Restablecer correo electrónico se envía con éxito,,
trending,Tendencias Noticias,,
editor_pick,Editor escogida Noticias,,
list_product_nav,Articulo,,
prd_add,Añadir artículo,,
att_add,Añadir nuevo atributo,,
add_att_detail,Añadir nueva detallada Atributo,,
list_attribute_header,Atributo Lista de cabeceras,,
item_name,Nombre del árticulo,,
att_name,Nombre del Atributo,,
Prd_search_subcat,Seleccionar nombre Subcategoría,,
Prd_search_dis,Seleccionar el tipo de descuento,,
product_gallery,Galería de artículos,,
prd_info,Información del artículo,,
rec_prd_info,Los productos añadidos recientemente,,
att_info,información de atributos,,
prd_desc,Descripción del Artículo,,
prd_high_info,Información resaltar el elemento,,
prd_edit,Editar elemento,,
prd_code,Código del objeto,,
success_prd_add,Artículo agregado con éxito,,
success_prd_edit,Artículo ha sido actualizado correctamente,,
success_upload,La imagen se ha actualizado correctamente,,
delete_prd_label,¿Eliminar elemento?,,
prd_yes_all_message,"Cuando eliminar este elemento, se eliminarán todas las categorías sub relacionados y categoría también. Así que, ¿todavía desea eliminarlo?",,
success_prd_delete,Artículo ha sido eliminado correctamente,,
prd_search,Busca artículo,,
err_item_name,Por favor proporcione nombre del artículo,,
err_item_len,La longitud del Nombre del elemento debe ser mayor que 4,,
err_item_exist,Nombre producto está existía en el sistema,,
item_gallery,Galería de artículos,,
condition_of_item,Estado del artículo,,
item_description_label,Descripción,,
deal_option_id_label,Opción acuerdo,,
meet_up_label,Reunirse,,
mailing_or_delivery_label,Envío o entrega,,
brand_label,Marca,,
price,Precio,,
itm_title_label,Título,,
itm_business_mode,Es Shop?,,
itm_show_shop,(Si el programa de usuario puede pedir más de una),,
itm_is_sold_out,¿Está agotado?,,
location_info_label,Información sobre la ubicación,,
itm_address_label,Habla a,,
itm_lat_label,Latitud,,
itm_lng_label,Longitud,,
itm_select_price,Seleccionar Precio Tipo,,
itm_select_type,Seleccionar el tipo de artículo,,
itm_select_currency,Seleccione la moneda de artículos,,
status_label,Estado,,
select_status_label,seleccione Estado,,
itm_select_location,Seleccionar elemento Localización,,
find_location_label,Encuentra tipo y ubicación de Google API,,
itm_select_condition_of_item,Seleccionar Estado del artículo,,
itm_select_deal_option,Seleccionar la opción de reparto,,
api_info,Información IPA Ajuste,,
api_title,Ajuste API,,
api_title_tooltips,Nombre API,,
api_order_by,Por fin,,
btn_save,Salvar,,
btn_cancel,Cancelar,,
success_api_edit,Actualizado exitosamente,,
about_gallery,Galería,,
categories_label,categorías,,
messages_label,mensajes,,
total_label,Total,,
view_all_label,Ver todo,,
divider_label,:,,
users_label,usuarios,,
app_setting,Información de configuración de aplicación,,
apikey_info,Información Clave API,,
key_label,Llave,,
success_apikey_edit,API Key se actualiza correctamente,,
success_apikey_add,se agrega correctamente clave de API,,
earn_point_label,Gane Point,,
currency_info,Información sobre la moneda,,
currency_add,Agregar moneda,,
currency_symbol,Símbolo de moneda,,
currency_short_form,Short Form moneda,,
currency_add,Agregar moneda,,
success_currency_edit,La moneda se ha actualizado correctamente,,
success_currency_add,La moneda se ha añadido con éxito,,
success_currency_delete,La moneda se ha eliminado correctamente,,
delete_currency_label,Moneda de borrado?,,
currency_delete_confirm_message,¿Quieres eliminar de divisas?,,
currency_search,búsqueda de divisas,,
currency_edit,Cambiar la moneda,,
err_currency_name,"Por favor, indique el nombre de moneda",,
err_currency_len,La longitud del nombre de divisas debe ser mayor que 4,,
err_currency_exist,Nombre de la moneda ya está existía en el sistema,,
color_color,Color,,
select_type,Seleccione tipo,,
from_point,Desde el punto:,,
to_point,Apuntar :,,
order_by,Por fin:,,
select_order,Seleccione el orden,,
push_noti_sending_title,El envío de notificaciones push,,
no_device_label,Hay dispositivos no registrados todavía.,,
delete_color_label,Eliminar el color?,,
color_delete_confirm_message,¿Quieres eliminar el color?,,
upload_icon,Icono Categoría,,
about_upload_icon,Subir Icono,,
fav_upload_icon,Fav Icon,,
btn_upload,Subir,,
not_enough_point,"Lo sentimos, el punto no es suficiente.",,
view_count,Ver cuentas,,
earn_point_label,Obtuvo punto,,
download_count,Conteo de la descarga,,
rating_count,Conde calificación,,
terms_label,Términos y condiciones,,
about_img,Sobre la foto de portada,,
select_csv_file,Seleccione Archivo CSV,,
something_wrong_upload,Ocurre algo en los datos subidos.,,
pls_upload_csv,"Por favor, sube el archivo CSV.",,
sample_csv_format,CSV de ejemplo está aquí: https://www.dropbox.com/s/oheyivxfgdlk129/sample.csv?dl=0,,
csv_upload_instruction,"Por favor, siga los pasos a continuación: <br>
1. Cargar imágenes subidas a la carpeta de forma manual a través de FTP. <br>
2. Subir miniatura imágenes de archivos / carpetas miniatura manully a través de FTP. <br>
3. A continuación, se preparan como formato CSV. Aquí la muestra: http://bit.ly/2UvCjRp <br>
4. Necesidad de seguir esas reglas. Aquí: http://bit.ly/2T1Tjgp <br>
5. Puede utilizar Google Hoja para crear y exportación como separador de coma. <br>
6. recomendada es de alrededor de 100 registros a la CSV.",,
noti_sent_fail,Dejar de enviar notificación de inserción,,
noti_sent_success,Se ha enviado correctamente a la notificación de inserción,,
reject_message_2,),,
approve_message_2,),,
uploaded_user,Subida del usuario,,
delete_user_label,Eliminar usuario registrado?,,
user_delete_confirm_message,¿Quieres eliminar todo el Usuario Registrado?,,
user_yes_all_label,Si todo,,
user_no_only_label,Categoría Sólo,,
success_user_delete,Usuario registrado se ha eliminado correctamente,,
credit,Crédito,,
price_info,Información Precio,,
price_name,Precio Nombre,,
price_edit,Editar Precio,,
price_add,Agregar precio,,
price_search,Buscar Precio,,
delete_price_label,Precio de borrado?,,
price_delete_confirm_message,¿Quieres eliminar precio?,,
err_price_name,"Por favor, indique el nombre de precio",,
err_price_len,La longitud de Precio Nombre debe ser mayor que 4,,
err_price_exist,Precio Nombre ya existía en el sistema,,
success_price_edit,El precio ha sido actualizado correctamente,,
success_price_add,El precio ha sido agregado con éxito,,
success_price_delete,El precio ha sido eliminado correctamente,,
type_info,Información del artículo Tipo,,
type_name,Escribe un nombre,,
type_edit,Editar Tipo,,
type_add,Añadir Tipo,,
type_search,Tipo de búsqueda,,
delete_type_label,Eliminar Tipo?,,
type_delete_confirm_message,¿Quieres eliminar el Tipo?,,
err_type_name,"Por favor, indique el nombre de tipo",,
err_type_len,La longitud del Nombre de tipo debe ser mayor que 4,,
err_type_exist,Tipo Nombre ya existía en el sistema,,
success_type_edit,Tipo se ha actualizado correctamente,,
success_type_add,Tipo se ha añadido con éxito,,
success_type_delete,Tipo se ha eliminado correctamente,,
location_info,Información sobre la ubicación de artículos,,
location_name,Nombre del lugar,,
location_edit,Editar ubicación,,
location_add,Añade una ubicación,,
location_search,Buscar Localización,,
delete_location_label,Eliminar la ubicación?,,
location_delete_confirm_message,¿Quieres eliminar la ubicación?,,
err_location_name,"Por favor, indique el nombre Localización",,
err_location_len,La longitud del Nombre de la ubicación debe ser mayor que 4,,
err_location_exist,Lugar Nombre existía ya está en el sistema,,
success_location_edit,Ubicación se ha actualizado correctamente,,
success_location_add,Ubicación ha sido agregado con éxito,,
success_location_delete,Ubicación se ha eliminado correctamente,,
blog_add,Agregar Blog,,
blog_info,Información acerca del blog,,
blog_name,Nombre del Blog,,
blog_desc,Descripción del blog,,
blog_edit,Editar Blogs,,
success_blog_add,Los blogs se ha añadido con éxito,,
success_blog_edit,Los blogs se ha actualizado correctamente,,
err_dup_name,El nombre ya se existía en el sistema,,
err_blog_exist,Nombre del blog ya está existía en el sistema,,
delete_blog_label,Blog de borrado?,,
blog_delete_confirm_message,¿Seguro de borrar este blog?,,
success_blog_delete,Los blogs se ha eliminado correctamente,,
err_blog_len,La longitud del blog de nombre debe ser mayor que 4,,
err_blog_name,"Por favor, indique el nombre del blog",,
blog_search,Búsqueda de blogs,,
blog_gallery,Blog Galería,,
btn_disable,Inhabilitar,,
report_edit,Informe Editar elemento,,
total_category_count_label,Total de categorías,,
total_sub_cat_count_label,Total de las subcategorías,,
total_blog_count_label,total de Blogs,,
total_contact_count_label,Total de contacto Mensaje,,
popular_item,Artículo más popular,,
item_report,artículo reportado,,
items_label,Los productos añadidos recientemente,,
item_img,Item Image,,
popular_item_info,Información populares de artículos,,
popular_item_view,Ver artículo populares,,
app_setting_lable,Información de configuración de aplicación,,
app_lat_label,Latitud,,
app_lng_label,Longitud,,
location_info_label,Información sobre la ubicación,,
err_chat_history_not_exist,Ningún dato encontrado en el historial de chat,,
accept_update_success,Aceptar la oferta se ha actualizado correctamente,,
err_accept_update,"Lo sentimos, hay un problema en aceptar la oferta",,
count_update_success,Restablecer recuento se ha actualizado correctamente,,
err_count_update,"Lo sentimos, hay un problema en el recuento de reposición",,
price_update_success,El precio ha sido actualizado correctamente,,
err_price_update,"Lo sentimos, hay un problema en el precio",,
err_accept_offer,"Lo sentimos, no se podía accepect la oferta de nuevo.",,
overall_rating,Clasificación,,
user_is_verify_do_forgot_password,Su cuenta se verificó así que por favor se olvidó la contraseña.,,
user_view,Ver usuario,,
user_address,Habla a,,
user_city,Ciudad,,
about_me,Sobre mí,,
verify_type,verificar Tipo,,
follower_count,Conteo de seguidores,,
following_count,Después de Conde,,
user_profile,Foto de perfil,,
email_verify,Correo electrónico Confirme,,
facebook_verify,Verificar Facebook,,
google_verify,google Verify,,
phone_verify,teléfono Verify,,
condition_name,Nombre de la condición,,
cond_search,Condiciones de búsqueda,,
condition_add,Agregar condición,,
condition_info,Información del artículo Condición,,
cond_edit,Editar condición,,
delete_condition_label,Eliminar Condición?,,
condition_delete_confirm_message,¿Quieres eliminar las condiciones?,,
condition_yes_all_message,Sí Todo - Condición y artículos serán eliminar del sistema.,,
success_condition_edit,Condición se ha actualizado correctamente,,
success_condition_add,Condición ha sido agregado con éxito,,
success_condition_delete,Condición se ha eliminado correctamente,,
err_condition_name,"Por favor, indique el nombre condición",,
err_condition_len,La longitud del Nombre de condición debe ser mayor que 4,,
err_condition_exist,Condición El nombre ya se existía en el sistema,,
option_name,Trato Nombre de la opción,,
cond_search,Buscar Opción reparto,,
option_add,Añadir Opción reparto,,
option_info,Opción artículo Información reparto,,
cond_edit,Opción Editar reparto,,
delete_option_label,Opción Trato de borrar?,,
option_delete_confirm_message,¿Quieres eliminar las opciones de reparto?,,
option_yes_all_message,Sí Todo - Opción Deal y productos que eliminará a partir del sistema.,,
success_option_edit,Opción acuerdo ha sido actualizado correctamente,,
success_option_add,Opción acuerdo ha sido agregado con éxito,,
success_option_delete,Opción acuerdo se ha eliminado correctamente,,
err_option_name,Sírvanse proporcionar trato Nombre de la opción,,
err_option_len,La longitud de Deal Nombre de la opción debe ser mayor que 4,,
err_option_exist,Opción acuerdo Nombre existía ya está en el sistema,,
lang_name,Nombre del lenguaje,,
btn_active,Activo,,
lang_string,idioma cadena,,
lang_add,Agregar idioma,,
lang_info,informaciones idioma,,
lang_symbol,Símbolo,,
lang_search,Buscar idioma,,
lang_edit,Editar idioma,,
success_lang_edit,El lenguaje ha sido actualizado correctamente,,
success_lang_add,Se ha añadido con éxito,,
success_lang_delete,El lenguaje ha sido eliminado correctamente,,
err_lang_name,"Por favor, proporcione el nombre del idioma",,
err_lang_len,La longitud del nombre de idioma debe ser mayor que 4,,
err_lang_exist,Idioma El nombre ya se existía en el sistema,,
delete_lang_label,Eliminar Idioma?,,
lang_delete_confirm_message,¿Quieres eliminar toda la cadena de bajo que juntos idioma?,,
lang_yes_all_label,Si todo,,
lang_no_only_label,Sólo idioma,,
lang_yes_all_message,Sí Todo - Lengua y artículos serán eliminar del sistema.,,
language_id,Idioma,,
lang_string_key,Llave,,
lang_string_value,Valor,,
lang_string_info,Cadena Informaton Idioma,,
select_language,idioma seleccionado,,
btn_import,Importar,,
csv_symbol_link,archivo CSV de ejemplo aquí,,
lang_str_search,Búsqueda Idioma Cadena,,
success_langstr_import,Idioma Cadena éxito archivo CSV subidos,,
lang_str_add,Agregar idioma de cuerdas,,
lang_str_edit,Editar cadena Idioma,,
lang_active,Activo,,
lang_deactive,Desactivar,,
success_lang_str_edit,Idioma cadena se ha actualizado correctamente,,
success_lang_str_add,Idioma cadena se ha añadido con éxito,,
err_lang_str_name,Sírvanse proporcionar lengua nombre de cadena,,
err_lang_str_len,La longitud de la cadena de lenguaje debe ser superior a 4,,
err_lang_str_exist,Idioma cadena está ya existía en el sistema,,
lang_title,Eliminado Idioma?,,
lang_warning,No se puede eliminar el lenguaje activo.,,
btn_ok,Okay,,
list_lang_label,idiomas,,
list_lang_str_label,series de idioma,,
err_lang_symbol,Sírvanse proporcionar símbolo de idioma,,
dashboard_label,Tablero,,
cat_module,categorías,,
subcat_module,subcategorías,,
contact_module,Contacte con nosotros Mensaje,,
system_user_module,Los usuarios del sistema,,
register_user_module,Usuarios Registrados,,
about_module,Sobre Y CONFIGURACIÓN,,
noti_module,Notificación de inserción,,
analytic_module,Analítica,,
export_database_module,Base de datos de exportación,,
app_user_module,APP usuario,,
popular_item_module,La mayoría de los artículos más populares,,
item_module,Artículos,,
api_key_module,claves de la aPI,,
api_setting_module,Ajuste API,,
rating_module,La mayoría de los usuarios de Calificación,,
version_module,Versión,,
item_currency_module,moneda de artículos,,
item_price_module,Precio del articulo,,
item_type_module,Tipo de artículo,,
blog_module,Blog,,
item_report_module,Los productos reportados,,
app_setting_module,Configuración de aplicaciones,,
item_location_module,Localización del artículo,,
item_condition_module,Condiciones de artículos,,
deal_option_module,Opción reparto de artículos,,
language_module,idiomas,,
paid_item_module,Informe de artículos patrocinados,,
backend_setting_module,Ajuste backend,,
start_date_label,Fecha de inicio,,
end_date_label,Fecha final,,
amount_label,Cantidad,,
payment_method_label,Método de pago,,
progress_label,Progreso,,
finished_label,Terminado,,
not_yet_start_label,Todavía no iniciar,,
today_label,Hoy,,
second_ago,segundos,,
minute_ago,minutos,,
hour_ago,horas,,
day_ago,dias,,
week_ago,semanas,,
month_ago,meses,,
year_ago,años,,
decade_ago,décadas,,
just_now_label,Justo ahora,,
ago_label,hace,,
user_acc_reg_label,Nuevo registro de cuentas de usuario,,
user_register_success_but_email_not_send,"el éxito del registro del usuario, pero no enviar correo electrónico",,
pwd_reset_label,Restablecimiento de contraseña,,
hi_label,Hola,,
pwd_reset_link,"Por favor, haga clic en el siguiente enlace para restablecer la contraseña",,
reset_link_label,Restablecer la contraseña,,
best_regards_label,Atentamente,,
new_user_acc,Se ha creado su nueva cuenta de usuario. Bienvenido a Flutter Buy & Sell. Verifique con el código a continuación para activar su cuenta.,,
verify_code_label,código verificado,,
hi_admin_label,Hola administración,,
name_label,Nombre,,
email_label,Email,,
phone_label,Teléfono,,
msg_label,Mensaje,,
verify_code_sent,Código de verificación ha sido enviada.,,
user_id_required,Se requiere ID de usuario.,,
invalid_login_user_id,ID de usuario no es válido.,,
already_accept_user,El usuario ha sido aceptada.,,
sender_id_required,Se requiere ID de remitente,,
success_delete,Se han eliminado las.,,
success_cat_request,Su solicitud éxito.,,
err_cat_request,Lo siento,,
err_chat_history_save,Lo siento,,
accept_reset_success,Su solicitud de chat con éxito.,,
error_delete_chat_history,Lo siento,,
success_delete_chat_history,Su historial de chat eliminado con éxito.,,
err_soldout_reset,Lo siento,,
soldout_reset_success,Su restablecimiento ha sido el éxito.,,
err_item_report,Lo siento,,
token_already_exist,Lo siento,,
err_in_noti_read,Lo siento,,
success_noti_send,La notificación se ha enviado correctamente.,,
error_noti_send,Lo siento,,
invalid_code,Lo siento,,
backend_config_info_lable,Información de configuración de back-end,,
sender_name_label,Nombre del remitente,,
receive_email_label,Recibir correo,,
sender_email_label,Correo electrónico del remitente,,
img_section,Sección imagen,,
fcm_api_key_label,clave de API FCM,,
backend_login_img,Iniciar sesión Imagen de fondo backend,,
backend_logo,backend Logo,,
backend_fav_icon,Backend Fav Ico,,
upload_backend_logo,Subir backend Logo,,
upload_fav_icon,Subir Fav Icon,,
upload_login_img,Subir sesión de fotos,,
transaction_module,transacciones Historia,,
history_search,Historia de la búsqueda Transacciones,,
trans_history_info,Transacciones Información Historia,,
entry_group,Entrada,,
reports_group,Informes,,
user_mang_group,Gestión de usuarios,,
miscellaneous_group,Diverso,,
setting_group,Ajuste,,
ple_sub_cat_name,Por favor Subcategoría Nombre,,
ple_highlight_info,Por favor resaltar la información,,
forget_pwd,¿Has olvidado tu contraseña?,,
remove_label,Eliminar,,
his_info,Información historia,,
err_paid_item_history,Su anuncio aún no se termina por lo que no es capaz de modificar.,,
paid_config_module,Configs pagados,,
currency_symbol_label,"El símbolo de moneda (por ejemplo, $)",,
paypal_env_label,paypal Medio Ambiente,,
paypal_merchant_label,PayPal ID del comerciante,,
paypal_pub_label,Paypal clave pública,,
paypal_pri_label,Paypal clave privada,,
paypal_enabled_label,Está habilitado Paypal?,,
stripe_publishable_key,publicable clave,,
stripe_secret_key,Llave secreta,,
stripe_enable_label,Se habilita la raya de pago?,,
stripe_label,[Opción 2]: El pago con la raya,,
paypal_label,[Opción 1]: El pago con Paypal Habilitado,,
day_label,Día,,
paid_config_info_lable,A cargo de Información Config,,
paid_currrency_setting,Símbolo monetario Ajuste,,
paid_paypal_setting,Ajuste paypal,,
paid_stripe_setting,Ajuste de la raya,,
success_backend_edit,Backend ajuste se ha actualizado correctamente,,
smtp_section,Configuración SMTP,,
smtp_host_label,Host SMTP,,
smtp_host_placeholder,por ejemplo: ssl: //smtp.hostmail.com,,
smtp_port_label,Número de puerto SMTP,,
smtp_enable,Habilitar SMTP?,,
smtp_user_label,usuario SMTP,,
smtp_pass_label,Contraseña SMTP,,
topics_label,temas,,
cannot_deactive,"Lo sentimos, no es capaz de desactivar.",,
err_symbol_exist,símbolo de idioma está ya existía en el sistema.,,
policy_info,Política de privacidad Información,,
content_label,Contenido,,
privacy_policy_module,Política de privacidad,,
success_policy_edit,Política de privacidad se ha actualizado correctamente,,
success_policy_add,Política de privacidad ha sido agregado con éxito,,
paid_razor_setting,Ajuste de afeitar,,
razor_label,[Opción 3]: El pago Con Razor,,
razor_key_label,clave de afeitar,,
razor_enabled_label,Se habilita la maquinilla de afeitar?,,
btn_promote,Promover,,
prd_paid_info,Información artículo pagado,,
app_is_approval_enabled,"Aprobación del Sistema de encendido? (Si este ajuste está activado""",,it need to approve or reject from super admin.)
approval_group,Aprobación,,
pending_items_module,Items pendientes,,
reject_items_module,rechazar Artículos,,
disable_items_module,deshabilitar elementos,,
select_status,Seleccionar Estado?,,
pending_edit,Editar Pendiente de artículos,,
approve_message_1,Enhorabuena! Artículo Aprobado (,,
approve_message_2,),,
disable_message_1,¡Lo siento! Artículo Desactivar (,,
disable_message_2,),,
reject_message_1,¡Lo siento! Rechazar Artículo (,,
reject_message_2,),,
reject_edit,Editar Rechazar Artículos,,
disable_edit,Los productos Deshabilitar la edición,,
noti_sent_fail,Dejar de enviar notificación de inserción,,
noti_sent_success,Se ha enviado correctamente a la notificación de inserción,,
success_app_setting_edit,Ajuste aplicación se ha actualizado correctamente,,
btn_no,No,,
module_group_lang,Grupo módulo,,
group_name,Módulo Nombre del grupo,,
group_icon,Módulo Icono de grupo,,
group_lang_key,clave idioma,,
group_info,Módulo de Información del Grupo,,
group_search,Buscar Grupo de Módulo,,
group_add,Añadir grupo de módulos,,
success_group_edit,Grupo módulo ha sido editado correctamente,,
success_group_add,Grupo módulo ha sido agregado con éxito,,
group_edit,Editar grupo de módulos,,
success_group_delete,Grupo módulo se ha eliminado correctamente,,
err_group_name,"Por favor, proporcione grupo de módulos",,
err_group_len,La longitud del módulo Nombre del grupo debe ser mayor que 4,,
err_group_exist,Módulo Nombre de grupo ya está existió,,
module_lang,Módulo,,
module_desc,Descripción,,
module_ordering,Ordenando,,
module_add,Agregar módulo,,
module_info,Información del módulo,,
module_name,Nombre del módulo,,
is_show_on_menu,Es Show On menú?,,
module_lang_key,Módulo de teclas Idioma,,
module_select_group,Elija un grupo de módulos,,
delete_module_label,Eliminar módulo?,,
module_delete_confirm_message,¿Está seguro que desea borrar este módulo?,,
delete_group_label,Eliminar grupo Módulo?,,
group_delete_confirm_message,Está seguro que desea eliminar este grupo de módulos?,,
err_module_name,"Por favor, indique el nombre del módulo",,
err_module_len,La longitud del nombre de módulo debe ser mayor que 4,,
err_module_exist,Nombre del módulo ya está existió,,
module_search,Buscar Nombre del módulo,,
success_module_edit,Módulo se ha actualizado correctamente.,,
success_module_add,Módulo ha sido agregado con éxito.,,
module_edit,Editar módulo,,
success_module_delete,Módulo se ha eliminado correctamente.,,
approval_yes_all_message,¿Seguro que quiere eliminar?,,
err_user_phone_exist,Teléfono ya está existía en el sistema.,,
paid_history_edit,el historial de edición de transacciones,,
paid_prd_add,Añadir el artículo pagado,,
delete_system_user_label,Eliminar usuario del sistema?,,
system_user_delete_confirm_message,Está seguro que desea eliminar este usuario del sistema?,,
loc_ordering,Ordenando,,
record_not_found,"10001 ## Lo sentimos, pero no encontró el registro.",,
no_record_pagination,"10002 ## Lo sentimos, pero no más registro en el sistema.",,
offline_paid_module,Los artículos pagados fuera de línea,,
offline_paid_prd_info,Fuera de línea de pago Información Artículos,,
offline_paid_edit,Editar Desconectado artículo pagado,,
offline_setting,Ajuste desconectado,,
offline_label,[Opción 4]: El pago Con Desconectado,,
offline_message,Mensaje,,
offline_enabled_label,Se habilita sin conexión?,,
prd_paid_info,Información del artículo pagado,,
offline_info,Información de pago en línea,,
offline_title_label,Desconectado Pago Título,,
offline_description_label,Desconectado Descripción del pago,,
offline_icon,Icono de pago fuera de línea,,
offline_search,Buscar Desconectado Pago,,
offline_add,Añadir Desconectado Pago,,
offline_edit,Editar Desconectado Pago,,
success_offline_edit,Desconectado pago se ha actualizado correctamente,,
success_offline_add,Desconectado pago se ha añadido con éxito,,
success_offline_delete,Desconectado pago se ha eliminado correctamente,,
err_offline_name,"Por favor, indique el título pago fuera de línea",,
err_offline_len,La longitud del título de pago fuera de línea debe ser mayor que 4,,
err_offline_exist,Desconectado Título Paymen ya existía en el sistema,,
delete_offline_label,Eliminar el pago fuera de línea?,,
offline_delete_confirm_message,¿Desea eliminar todo el pago fuera de línea?,,
offline_yes_all_label,si,,
offline_no_only_label,Cancelar,,
offline_payment,Métodos de pago fuera de línea,,
offline_paid_module,Los artículos pagados fuera de línea,,
img_configuration,Configuración de la imagen,,
land_width_label,paisaje Ancho,,
potrait_height_label,potrait Altura,,
square_label,Altura cuadrada,,
err_lat,Sírvanse proporcionar Latitud,,
err_lng,Sírvanse proporcionar Longitud,,
err_lat_lng,Su latitud y longitud no debe ser 0.0,,
offline_yes_all_message,¿Desea eliminar todo el pago fuera de línea?,,
email_verification_enabled,"Correo electrónico de verificación Habilitado? (Si este ajuste está activado ""cuando registro de usuario mediante el uso de correo electrónico que enviará el código de verificación de usuario de correo electrónico registrada.)""",,
user_auto_approved,Se ha creado su nueva cuenta de usuario. Bienvenido a Flutter Buy & Sell.,,
user_not_able_delete,"Lo sentimos, la cuenta del sistema es por lo que no es capaz de desactivar.",,
delete_allow_user_label,Eliminar mascotas usuario?,,
allow_user_delete_confirm_message,¿Quieres eliminar todos los usuarios permitidos?,,
allowed_module_lang,Los usuarios autorizados,,
itm_promote_alert,Importante: Este artículo está bajo promoción ahora así que por favor asegúrese de desactivar la acción.,,
success_block,El usuario ha sido bloqueado con éxito.,,
success_unblock,El usuario ha sido desbloqueado con éxito.,,
no_user_unblock,No es posible desbloquear el usuario.,,
unable_to_report,"No puede informar del tema, ya que es su propio elemento.",,
success_logout,El usuario ha sido exitosamente cierre de sesión.,,
deeplink_section,Profunda tramo que une,,
dyn_link_key_label,clave de enlace dinámico,,
dyn_link_url_label,URL de enlace dinámico,,
dyn_link_package_name_label,Dinámica de enlace nombre del paquete,,
dyn_link_domain_label,dominio de enlace dinámico,,
dyn_link_deep_url_label,url enlaces profundos,,
prd_dynamic_link_label,Producto Dynamic Link,,
already_report,Usted ya ha informado a este artículo.,,
lat_invlaid,"La latitud debe estar entre -90 y 90 grados, ambos inclusive.",,
lng_invlaid,La longitud debe ser de entre -180 y 180 grados inclusive.,,
paystack_setting,Ajuste Paystack,,
paystack_label,[Opción 5]: El pago con Paystack,,
paystack_key_label,Paystack clave,,
paystack_enabled_label,Está habilitado Paystack?,,
btn_duplicate,Duplicar,,
success_prd_duplicate_add,Duplicar elemento se ha añadido con éxito,,
dyn_link_package_name_ios,Dinámica que une el nombre del paquete IOS,,
dyn_link_ios_appstore_id,Enlazado dinámico IOS AppStore Id,,
purchase_add,Añadir en el Apéndice de Producto,,
in_app_purchase_info,En Información de aplicaciones compradas,,
app_purchase_product_id_label,En la aplicación comprada ID de producto (promoción de artículos),,
purchase_description_label,Descripción,,
purchase_type_label,Tipo (Promoción del elemento),,
err_purchase_description,Por favor proporcionar la descripción,,
success_purchase_edit,En la aplicación de adquirir ha sido actualizado correctamente.,,
delete_purchase_label,Eliminar en la aplicación comprado?,,
purchase_yes_all_message,¿Quieres eliminar In App comprado?,,
success_purchase_delete,En la aplicación de adquirir ha sido eliminado correctamente.,,
in_app_purchased_setting,En la aplicación Configuración comprada,,
purchase_key_label,Usted leva hace el pago con de aplicación comprado,,
purchase_enabled_label,Compra está habilitado?,,
in_app_purchases,En la aplicación compradas,,
data_delection_module,Eliminación de datos de usuario,,
data_delete_info,Datos del usuario Información de Supresión,,
is_show_email,Ver el email,,
is_show_phone,Mostrar teléfono,,
data_delete_info,Identidad Datos política de eliminación,,
success_data_deletion_add,Datos política de eliminación se ha añadido con éxito.,,
success_data_deletion_edit,Datos política de eliminación se ha actualizado correctamente.,,
data_deletion_module,Política de eliminación de datos,,
data_deletion_policy_url,Datos política de eliminación de URL,,
privacy_policy_url,Privacidad Política de URL,,
Privacy_policies,Políticas de privacidad,,
Data_deletions_policies,Políticas de eliminación de datos,,
location_townships,los municipios loction,,
location_township_add,Agregar ubicación Township,,
township_name,Nombre del municipio,,
item_location_module,Situación Ciudades,,
is_default,Defecto,,
Prd_search_location_township,Seleccione el ítem Ubicación Township,,
itm_select_location_township,Seleccione el ítem Ubicación Township,,
location_township_name,Nombre del municipio,,
township_edit,Editar Township,,
township_search,Buscar Township,,
is_sub_location,"En sub Ubicación? (Si este ajuste está en ""On"" cuando el usuario abre la aplicación de la necesidad del usuario para elegir la ubicación secundaria (municipio) en la ubicación (ciudad))",,
followed_you,seguirte.,,
bought_your_item,compró su artículo,,
you_bought,Tú compraste,,
err_user_bought,"Lo sentimos, hay un problema cuando el usuario compró clic.",,
success_user_bought,Usuario comprado ha hecho click éxito.,,
thumbnail_generators_lng,Generador de miniaturas,,
btn_create_thumbnail,Thumbnail (1x2x3x) generador,,
thumb_1x_label,Thumbnail 1x tamaño de imagen,,
thumb_2x_label,Thumbnail 2x tamaño de imagen,,
thumb_3x_label,Thumbnail Tamaño de imagen 3x,,
image_lists_lng,Listas de imágenes,,
img_name,Nombre de la imágen,,
success_img_create,"Thumbnail 2x, 3x ha sido creado con éxito.",,
img_not_exist,La imagen no ha existido en carpeta de carga.,,
select_location_label,Seleccione la ubicación,,
delete_offline_item_label,Eliminar artículo fuera de línea?,,
offline_item_delete_message_label,¿Está seguro de eliminar el artículo fuera de línea?,,
blue_mark,Marca azul,,
blue_mark_verified,Mark azul verificado,,
blue_mark_applied,Marca azul aplicada,,
blue_mark_rejected,Marca azul rechazada,,
verify_blue_mark_noti_approve,"Felicitaciones, el administrador aprobó su marca azul.",,
verify_blue_mark_noti_reject,"Lo sentimos, el administrador rechazó tu marca azul. Puedes intentarlo de nuevo.",,
verify_email_not_send_user,No logran enviar verificar el correo electrónico a,,
del_photo,¿Eliminar Imagen?,,
upload_video,Subir video,,
del_video,Eliminar video?,,
del_video_confirm,¿Estás seguro de borrar el video?,,
success_video_delete,El video ha sido borrado con éxito.,,
success_video_icon_delete,El icono de video se ha eliminado con éxito.,,
apply_success,"Se ha aplicado marca azul. Por favor, espere una aprobación de administrador.",,
blue_mark_pending,"Actualmente, no puede aplicar la marca azul porque está pendiente. Entonces, por favor espere una aprobación de administrador.",,
already_blue_mark,Ya tienes la marca azul.,,
note,Nota,,
user_social_info_override,"¿Información social del usuario anular? Si se verifican, la información social del usuario se haría sobrevalorada cuando inicie sesión con (Google, Facebook, teléfono y Apple, etc.)",,
recommended_size_img,Tamaño recomendado: 400 x 200,,
recommended_size_icon,Tamaño recomendado: 200 x 200,,
applied_date_label,Fecha aplicada (DD / MM / YYAY),,
pending,Pendiente,,
verified,Verificado,,
rejected,Rechazado,,
all,Todos,,
blue_mark_users_label,Verifique los usuarios de marcas azules,,
app_token_label,Token de la aplicación (para la foto de perfil de Facebook),,
already_sold_out,El artículo ya se ha agotado y no puede hacer la oferta.,,
city_id_required,Por favor seleccione la identificación de la ciudad.,,
err_township_name,"Por favor, proporcione el nombre del municipio.",,
err_township_len,La longitud del nombre del municipio debe ser mayor que 4.,,
success_township_add,El municipio se ha añadido con éxito.,,
success_township_edit,El municipio ha sido actualizado con éxito.,,
deeplink_generator_label,Generador de descenso,,
btn_deeplink_generator,Generar deepplink,,
success_deeplink_generate,Deegullink se ha generado con éxito.,,
cannot_chat,Loading...,,
topics_fe_label,Loading...,,
topics_label,Loading...,,
go_to_be_setting_label,Loading...,,
deeplink_note_label,Loading...,,
err_price,Por favor proporcione PIRCE.,,
price_cannot_zero,El precio no puede ser cero.,,
is_thumb2x_3x_generate,"Thumbnail 2x, 3x Configuración en? (Si esta configuración está ""encendida"" cuando carga la imagen, generará Thumbnail2x y Thumbnail3x automáticamente.)",,
thumb_generator_text_label,Generará las imágenes de las miniaturas para cada artículo. Tenga en cuenta que este proceso se tomará a veces en función de sus datos,,
thumb2x_3x_settting_off,"Crear thumbnail2x, la configuración 3x está apagada.",,
create_thumb2x_folder,"La carpeta Thumbnail2x no existe, por favor cree primero. O puede desactivar Crear thumb2x, ajuste 3x.",,
create_thumb3x_folder,"La carpeta ThumbNail3x no existe, cree primero. O puede desactivar Crear thumb2x, ajuste 3x.",,
thumb2x_already_existed,La imagen ya existe en la carpeta Thumbnail2x.,,
thumb3x_already_existed,La imagen ya existe en la carpeta Thumbnail3x.,,
err_currency_symbol,"Por favor, proporcione símbolo de moneda.",,
err_description,Proporcione una descripción del artículo,,
pkg_add,Agregar paquete,,
pkg_search,Buscar paquete,,
pkg_edit,Editar paquete,,
success_pkg_edit,El paquete se ha actualizado correctamente.,,
success_pkg_add,El paquete se ha agregado correctamente.,,
success_pkg_delete,El paquete se ha eliminado correctamente.,,
title,Título,,
pkg_info,Información del paquete,,
post_count,Recuento de entradas,,
pkg_select_currency,Seleccione la moneda del paquete,,
err_pkg_title,Proporcione el título del paquete,,
err_pkg_price,Indique el precio del paquete,,
err_pkg_currency,Proporcione la moneda del paquete,,
err_pkg_post_count,"Por favor, proporcione el número de recuento de publicaciones.",,
err_pkg_exit,El nombre del paquete ya existe en el sistema,,
delete_pkg_label,Delete Package?,,
pkg_delete_confirm_message,¿Estás segura de eliminar este paquete?,,
pkg_yes_all_label,Si todo,,
pkg_no_only_label,Solo paquete,,
err_pkg_bought,Lo siento,,
success_pkg_bought,Paquete comprado insertado correctamente.,,
is_paid_app,"¿Aplicación de pago activada? (Si esta configuración está ""Activada"", esta aplicación es una publicación de anuncios de usuario limitada)",,
package_module,Paquetes,,
is_subcat_subscription,"¿Suscripción de subcategoría activada? (Si esta configuración está ""Activada"", el usuario debe poder suscribirse a las subcategorías).",,
err_subcat_subscibe_save,Lo siento,,
err_subcat_subscibe_delete,Lo siento,,
success_subcat_subscribe,Suscripción de subcategoría de éxito,,
verify_blue_mark,Marca azul verificada,,
rating_view,Ver calificación de usuario,,
csv_export,Exportación CSV,,
Item_reports,Artículos reportados,,
report_search,Buscar elemento denunciado,,
rating_search,Usuario de calificación de búsqueda,,
demo_login,Iniciar sesión con una cuenta demo,,
approve_item,Aprobar artículo,,
disable_item,Deshabilitar artículo,,
reject_item,Rechazar artículo,,
receive_rating_from,Recibir calificación de,,
discount_rate_by_percentage,Tasa de descuento por porcentaje,,
item_upload_config,Configuraciones de carga de elementos,,
success_item_config_edit,La configuración de carga de elementos se ha actualizado correctamente,,
success_item_config_add,La configuración de carga de elementos se ha agregado con éxito,,
item_config_label,Información de configuración de carga de elementos,,
item_type,Tipo de artículo,,
price_type,Tipo de precio,,
deal_option_remark,Comentario de opción de trato,,
System_users,Usuarios del sistema,,
Registered_users,Usuarios registradas,,
item_location,Ubicación del artículo,,
item_location_township,Artículo Ubicación Municipio,,
Item_currency,Moneda del artículo,,
App_settings,Ajustes de Aplicacion,,
Backend_configs,Configuraciones de back-end,,
is_block_user,"¿Función de bloqueo activada? (Si esta configuración está ""activada"", el usuario puede bloquear a otros usuarios no deseados para que no vean su publicación de anuncios).",,
err_image,Por favor complete cargar foto,,
err_video,Por favor complete cargar video,,
err_video_icon,"Por favor, rellene el icono de subida de vídeo",,
item_video,Carga de video del elemento,,
item_video_icon,Carga de video del elemento,,
item_loc_config,Configuración de la ubicación del elemento,,
err_brand,Proporcione el nombre de la marca del artículo,,
err_address,Proporcione la dirección,,
err_deal_option,Proporcione la opción de oferta,,
err_deal_option_remark,Proporcione un comentario sobre la opción de oferta,,
err_highlight_info,Proporcione información resaltada,,
Item_price,Precio del articulo,,
err_item_price_type,Proporcione el tipo de precio del artículo,,
err_item_type,Proporcione el tipo de artículo,,
err_condition_of_item,Proporcione una condición del artículo,,
open,abierto,,
in_progress,en curso,,
close,cerca,,
demo_data_delete,Eliminación de datos de demostración,,
demo_data_delete_note_label,Nota: Se eliminarán todos los registros de 'usuarios' excepto la cuenta de administrador.,,
success_demo_data_delete,Los datos de demostración se han eliminado correctamente.,,
btn_submit,Entregar,,
admin_pwd_label,Ingrese la contraseña de administrador,,
delete_demo_data,¿Estás segura de eliminar todos los datos de demostración?,,
admin_confirm,Ingrese su contraseña de administrador a continuación para confirmar estas eliminaciones de datos de demostración.,,
err_blank_pwd,Por favor complete la contraseña de administrador,,
err_pwd_invalid,¡Su contraseña es inválida!,,
no_messages,No hay mensajes recientes,,
no_items,No hay elementos agregados recientemente,,
no_users,No hay usuarios agregados recientemente,,
img_all_delete,Todas las imágenes relacionadas serán eliminadas.,,
images,Imágenes,,
no_need_bought,"No es necesario comprar publicaciones de anuncios, usted es un usuario del sistema.",,
need_user_bought,Este artículo ha sido necesario para comprar por el usuario en primer lugar.,,
need_accept_offer,Este artículo ha sido necesario para aceptar la oferta primero.,,
need_make_offer,Este artículo ha sido necesario para hacer una oferta primero.,,
already_make_offer,Este artículo ya está hecho una oferta.,,
already_reject_offer,Este artículo ya ha sido rechazado la oferta.,,
already_rejected,Este artículo ya ha sido rechazado la oferta.,,
adpost_history_search,Historial de transacciones de publicación de anuncios de búsqueda,,
ad_post_transactions_module,Historial de transacciones de publicación de anuncios,,
package_name,Nombre del paquete,,
buy_ad_post_transactions,Historial de transacciones de publicación de anuncios,,
adpost_history_view,Ver historial de transacciones de publicación de anuncios,,
cannot_default,"Lo sentimos, no es posible cancelar la configuración predeterminada.",,
cannot_unpublish,"Lo sentimos, no es posible anular la publicación en la moneda predeterminada.",,
new_item_upload_label,Nuevo artículo subido bajo,,
csv_upload_instruction_city,"Siga los pasos a continuación: <br>
1. Luego prepárese como formato CSV. <a href=""https://drive.google.com/file/d/1g3T6H2cdZsGS0UlHji6_BkP_JIa1YBCy/view?usp=sharing"" target=""_blank""> archivo csv de muestra aquí </a> <br>
2. Puede usar Google Sheet para crear y exportar como separador de coma.",,
pls_upload_csv,Cargue un archivo CSV.,,
something_wrong_upload,Algo mal sube el archivo,,
err_paid_adpost_history,¡Lo siento! Por favor verifique la información de pago.,,
total_city,Ciudad de ubicación total:,,
success_total_city,Ciudad de ubicación exitosa:,,
fail_total_city,Ciudad de ubicación fallida:,,
total_township,Municipio de ubicación total:,,
success_total_township,Municipio de ubicación exitosa:,,
fail_total_township,Municipio de ubicación fallida:,,
beacause_db_err,por un error en la base de datos.,,
because_miss_city,debido a la ciudad de ubicación faltante,,
because_miss_township,debido a que falta el municipio de ubicación,,
csv_upload_instruction_township,"Siga los pasos a continuación: <br>
1. Luego prepárese como formato CSV. <a href=""https://drive.google.com/file/d/1hkLZUDt4pxIqtfPE9k5rhzf4rhK6VJit/view?usp=sharing"" target=""_blank""> archivo csv de muestra aquí </a> <br>
2. Puede usar Google Sheet para crear y exportar como separador de coma.<br>
Nota: Primero se debe agregar el nombre de la ciudad que se usará en el archivo CSV del municipio de ubicación.",,
because_noexit_city,el nombre de la ciudad no existe en el sistema,,
item_locations,Ciudad de ubicación del artículo,,
city_existed,ya existía en el sistema.,,
township_existed,ya existía en el sistema.,,
success_generate_sitemap,El mapa del sitio se ha generado con éxito.,,
sitemap_generator,Generador de mapa del sitio,,
sitemap_generators,Generador de mapa del sitio,,
sitemap_generator_label,Generador de mapa del sitio,,
btn_create_sitemap,Generar mapa del sitio,,
err_generate_sitemap,Los sitemaps no generan algunos errores.,,
sitemap_generate_desc,Generará los archivos XML del mapa del sitio. Tenga en cuenta que este proceso tomará algunas cosas en función de sus datos.,,
sitemap_url_here,Archivo de mapa del sitio aquí:,,
sitemap_info,Su sitemap xml ha sido generado en,,
copy_sitemap_to_fe,Copie el archivo del mapa del sitio a la interfaz,,
total_cat,Categoría total:,,
success_cat,Categoría exitosa:,,
fail_cat,Categoría fallida:,,
miss_cat_name,porque falta el nombre de la categoría,,
miss_cat_img,debido a que falta la imagen de la categoría en la carpeta 'cargas'.,,
miss_cat_icon,debido al ícono de categoría que falta en la carpeta 'cargas'.,,
total_subcat,Subcategoría total:,,
success_subcat,Subcategoría exitosa:,,
fail_subcat,Subcategoría fallida:,,
miss_subcat_name,porque falta el nombre de la subcategoría,,
miss_subcat_img,debido a que falta una imagen de subcategoría en la carpeta 'cargas'.,,
miss_subcat_icon,debido al ícono de subcategoría faltante en la carpeta 'cargas'.,,
not_exist_cat,el nombre de la categoría no ha existido en el sistema.,,
db_err,por un error en la base de datos.,,
already_existed,ya existio.,,
csv_upload_instruction_cat,"Siga los pasos a continuación:<br>
1. Cargue imágenes en la carpeta de carga manualmente a través de FTP.<br>
2. Luego, prepárelo como el formato CSV. <a href=""https://drive.google.com/file/d/1Qt-fnaTullQo6tOumLGwoZIB34b-TlW3/view?usp=sharing"" target=""_blank"">Archivo de muestra aquí</a><br>
3. Puede usar Google Sheet para crear y exportar como separador de coma.",,
csv_upload_instruction_subcat,"Siga los pasos a continuación:<br>
1. Cargue imágenes en la carpeta de carga manualmente a través de FTP.<br>
2. Luego, prepárelo como el formato CSV. <a href=""https://drive.google.com/file/d/1SZpLcLjRXEYZCym5aQJHs5Par0_qvrDr/view?usp=sharing"" target=""_blank"">Archivo de muestra aquí</a><br>
3. Puede usar Google Sheet para crear y exportar como separador de coma.<br>
<b>Nota: Primero se debe agregar el nombre de la categoría que se usará en el archivo CSV de la subcategoría.</b>",,
unauthorize_item_edit,No tiene permiso para actualizar un artículo porque no es su artículo.,,
not_enought_post_count,No hay suficientes publicaciones.,,
record_not_found,10001#Lo siento,,
record_no_pagination,"10001#Lo siento, no hay más registros en el sistema.",,
offer_rejected,¡Oferta rechazada!,,
make_offer,¡Hacer oferta!,,
offer_accepted,¡Oferta aceptada!,,
image,¡Imagen!,,
about_app,Acerca de la aplicación,,
api_setting,Configuración de la API,,
app_setting,Configuración de la aplicación,,
fail_push_devices,No se pueden enviar todos los dispositivos Android e IOS.,,
fail_push_websites,No se pueden enviar todos los sitios web.,,
push_noti_module,Notificación de inserción,,
app_version,Versión,,
err_title,Proporcione el título.,,
err_title_len,La longitud del título debe ser mayor a 4.,,
remove_label,Eliminar,,
all_label,Todos,,
approved_label,Aprobado,,
reject_label,Rechazar,,
err_icon,"Por favor, rellene el icono de carga.",,
start_upload,Iniciar la subida,,
cancel_upload,Cancelar carga,,
add_files,Agregar archivos,,
btn_update,Actualizar,,
err,Error,,
btn_start,Comienzo,,
btn_close,Cerrar,,
category,Categoría,,
added,Agregado,,
disable_label,Desactivar,,
waiting_approval_label,A la espera de la aprobación,,
count,Contar,,
demo_dummy_refresh_hour,"Tenga en cuenta que el backend es un modo de demostración, por lo que todos esos datos ficticios se actualizarán cada hora.",,
sys_err_occur,"Se produjo un error del sistema. Por favor, póngase en contacto con el administrador del sistema.",,
registered_user,usuario registrado,,
generate_thumbnail_label,Generará las imágenes en miniatura para cada elemento. Tenga en cuenta que este proceso llevará algún tiempo en función de sus datos.,,
max_img_upload_of_item,Carga máxima de imágenes del artículo,,
err_max_img_blank_save,Proporcione la carga máxima de imágenes del elemento.,,
err_max_img_zero_save,La carga máxima de imágenes del artículo no puede ser cero.,,
err_max_img_upload,La imagen del artículo es máxima.,,
price_format,Formato de precio,,
price_format_desc,"Debe cambiar según el formato que necesite (p. ej., "",##0,00"" => 2555,00, ""##0,00"" => 2555,00,"".00"" => 2555,00, "",##0"" => 2555, "",##0.0"" => 2,555.0)",,
date_format,Formato de fecha,,
google_playstore_url,URL de la tienda de Google Play,,
apple_appstore_url,URL de la tienda de aplicaciones de Apple,,
ios_appstore_id,IOS App Store ID,,
default_order_time,Tiempo de pedido predeterminado (minutos),,
fb_key,Clave de facebook,,
is_show_token_id,"¿Identificación de token activada? (Si esta configuración está ""activada"", el usuario puede ver la identificación del token en la configuración de notificación).",,
is_show_subcategory,"¿Subcategoría activada? (Si esta configuración está ""Activada"", la subcategoría se puede usar en la aplicación).",,
is_use_thumbnail_as_placeholder,"Usar miniatura como ajuste de marcador de posición ¿Activado? (Si esta configuración está ""Activada"", cargará primero la imagen en miniatura y luego cargará la imagen completa. O si esta configuración está ""Desactivada"", cargará la imagen completa directamente y para la imagen de marcador de posición utilizará la imagen de marcador de posición predeterminada).",,
admob_section,Configuración de AdMob,,
is_show_admob,"AdMob Setting On? (If this setting is ""On"", the application will display ads.)",,
lang_section,Configuración de idioma,,
default_language,Idioma predeterminado,,
exclude_language,Idiomas Disponibles,,
exclude_lang_desc,"(Si el idioma está ""Activado"", el usuario puede usar este idioma en la aplicación).",,
default_currency_section,Configuración de moneda predeterminada,,
default_razor_currency,Moneda Razor predeterminada,,
is_razor_support_multi_currency,"Razor ¿Soporte multidivisa activado? (Si esta configuración está ""activada"", puede aceptar el pago de la maquinilla de afeitar en varias monedas en la aplicación).",,
default_flutter_wave_currency,Moneda predeterminada de Flutterwave,,
login_section,Configuración de inicio de sesión,,
show_facebook_login,"Inicio de sesión de Facebook ¿Encendido? (Si esta configuración está ""Activada"", los usuarios pueden iniciar sesión con Facebook).",,
show_google_login,"Inicio de sesión de Google activado? (Si esta configuración está ""activada"", los usuarios pueden iniciar sesión con Google).",,
show_phone_login,"¿Iniciar sesión en el teléfono? (Si esta configuración está ""activada"", los usuarios pueden iniciar sesión con un número de teléfono).",,
show_main_menu,"¿Menú principal activado? (Si esta configuración está ""Activada"", el usuario puede ver la pestaña ""Menú principal"" en cada tienda).",,
show_special_collections,"¿Colecciones especiales activadas? (Si esta configuración está ""activada"", el usuario puede ver la pestaña ""Ofertas especiales"" en cada tienda).",,
show_featured_items,"¿Artículos destacados activados? (Si esta configuración está ""Activada"", el usuario puede ver los ""Artículos destacados"" en cada tienda).",,
show_best_choice_slider,"Control deslizante Mejor elección activado? (Si esta configuración está ""activada"" cuando el usuario abre la aplicación, el usuario puede ver las mejores colecciones de opciones con la vista deslizante).",,
default_loading_limit,Límite de carga predeterminado,,
category_loading_limit,Categoría Límite de carga,,
recent_item_loading_limit,Límite de carga reciente,,
popular_item_loading_limit,Artículo popular Límite de carga,,
discount_item_loading_limit,Artículo de descuento Límite de carga,,
feature_item_loading_limit,Límite de carga del elemento de la función,,
block_slider_loading_limit,Bloquear el límite de carga del control deslizante,,
follower_item_loading_limit,Límite de carga del artículo de seguidor,,
default_limit_section,Configuración de límite predeterminado,,
block_item_loading_limit,Límite de carga del elemento de bloque,,
date_format_desc,"DD para el día, MM para el mes, Yyyy para el año, HH por la hora, mm por minuto, SS para el segundo (por ejemplo, DD-MM-YYYY HH: MM: SS)",,
app_config_info_lable,Información de configuración móvil,,
loc_section,Configuración de ubicación,,
success_mobile_edit,La configuración móvil se ha actualizado correctamente.,,
success_mobile_add,La configuración móvil se ha agregado correctamente.,,
err_default_lang,"Por favor, proporcione el idioma predeterminado.",,
err_default_loading_limit_zero,El límite de carga predeterminado no puede ser cero.,,
err_default_loading_limit,"Por favor, proporcione el límite de carga predeterminado.",,
err_category_loading_limit,"Por favor, proporcione el límite de carga de categoría",,
err_category_loading_limit_zero,El límite de carga de la categoría no puede ser cero.,,
err_collection_product_loading_limit,"Por favor, proporcione el límite de carga del producto de recogida.",,
err_collection_product_loading_limit_zero,El límite de carga del producto de colección no puede ser cero.,,
err_discount_product_loading_limit,"Por favor, proporcione el límite de carga de productos de descuento.",,
err_discount_product_loading_limit_zero,El límite de carga del producto de descuento no puede ser cero.,,
err_feature_product_loading_limit,"Por favor, proporcione el límite de carga de productos destacados.",,
err_feature_product_loading_limit_zero,El límite de carga de productos destacados no puede ser cero.,,
err_latest_product_loading_limit,"Por favor, proporcione el último límite de carga del producto.",,
err_latest_product_loading_limit_zero,El último límite de carga del producto no puede ser cero.,,
err_shop_loading_limit,"Por favor, proporcione el límite de carga de la tienda.",,
err_shop_loading_limit_zero,El límite de carga de la tienda no puede ser cero.,,
err_trending_product_loading_limit,"Por favor, proporcione el límite de carga de productos de tendencia.",,
err_trending_product_loading_limit_zero,El límite de carga de productos de tendencia no puede ser cero.,,
err_default_order_time,"Por favor, proporcione el tiempo de pedido predeterminado.",,
err_default_order_time_zero,El tiempo de pedido predeterminado (minutos) no puede ser cero.,,
err_google_playstore_url,"Por favor, proporcione la URL de Google Play Store.",,
err_apple_appstore_url,"Por favor, proporcione la URL de la tienda de aplicaciones de Apple.",,
err_ios_appstore_id,"Por favor, proporcione un ID de la App Store ID.",,
err_price_format,"Por favor, proporcione el formato de precio.",,
err_date_format,"Por favor, proporcione el formato de fecha.",,
err_fb_key,"Por favor, proporcione una clave de Facebook.",,
default_lang_select,Seleccione Idioma predeterminado,,
mobile_configs,Configuración móvil,,
frontend_configs,Configuración frontend,,
faq_pages_label,Preguntas frecuentes Páginas,,
terms_and_conditions_label,Términos y condiciones,,
is_use_googlemap,Usa Google Map ON?,,
item_detail_view_count_for_ads,Artículo detalle Ver cuenta para anuncios,,
is_show_ads_in_item_detail,¿Mostrar anuncios en detalle del artículo?,,
after_item_count_admob_once,Después del artículo cuenta cuenta el admob una vez,,
is_show_admob_inside_list,¿Muestra la lista interior de Admob?,,
blue_mark_size,Tamaño de BlueMark,,
mile,Rango de millas para artículos más cercanos,,
video_duration,Duración del video (milisegundos),,
image_section,Sección de imagen,,
profile_image_size,Tamaño de la imagen del perfil,,
upload_image_size,Sube el tamaño de la imagen,,
chat_image_size,Tamaño de la imagen de chat,,
promote_section,Promover la sección,,
promote_first_choice_day,Promover el primer día de la elección o el día predeterminado,,
promote_second_choice_day,Promover el segundo día de elección,,
promote_third_choice_day,Promover el Día de la Tercera Opción,,
promote_fourth_choice_day,Promover el cuarto día de elección,,
no_filter_with_location_on_map,¿No hay filtro con la ubicación en el mapa?,,
is_show_owner_info,Es mostrar información del propietario?,,
frontend_config_label,Información de configuración frontend,,
map_key,Llave del mapa,,
enable_notification,¿Es la notificación de habilitación?,,
fcm_server_key,Tecla del servidor FCM,,
firebase_web_push_key_pair,Firebase Web Push Tecle par,,
ad_client,Cliente publicitario,,
ad_slot,Ranura ad,,
copy_right,Copiar a la derecha,,
google_play_url,URL de Google Play,,
app_store_url,URL de la tienda de aplicaciones,,
google_setting,Configuración de Google,,
app_store_setting,Configuración de la tienda de aplicaciones,,
banner_src,Banner SRC,,
google_map,Mapa de Google,,
open_street_map,Mapa de calle abierto,,
image_limit,Límite de imagen,,
success_frontend_edit,La configuración de Frontend se ha actualizado con éxito.,,
success_frontend_add,La configuración de Frontend se ha agregado correctamente.,,
show_user_profile,Mostrar perfil de usuario?,,
is_enable_video_setting,¿Habilitar la configuración de video?,,
err_map,Por favor proporcione la clave de mapa,,
err_price_format,Por favor proporcione formato de precio,,
err_fcm_server_key,"Por favor, proporcione la clave del servidor FCM",,
err_firebase_web_push_key_pair,"Por favor, proporcione FIRBASE WEB PUSH PUSH CHEQUES",,
err_ad_client,Por favor proporcione el cliente AD,,
err_copy_right,Por favor proporcione copia a la derecha,,
err_google_play_url,Por favor proporcione la URL de Google Play,,
err_ad_slot,Por favor proporcione la ranura AD,,
err_app_store_url,"Por favor, proporcione la URL de la tienda de aplicaciones",,
err_banner_src,Por favor proporcione Banner SRC,,
err_block_item_loading_limit_zero,El límite de carga del elemento de bloque no puede ser cero,,
err_block_item_loading_limit,"Por favor, proporcione la carga del elemento de bloque",,
err_follower_item_loading_limit_zero,El límite de carga del artículo de seguidor no puede ser cero,,
err_follower_item_loading_limit,"Por favor, proporcione el límite de carga del artículo de seguidor",,
err_block_slider_loading_limit_zero,El límite de carga del control deslizante de bloque no puede ser cero,,
err_feature_item_loading_limit_zero,El límite de carga del elemento de la función no puede ser cero,,
err_feature_item_loading_limit,"Por favor, proporcione el límite de carga del elemento de la función",,
err_discount_item_loading_limit_zero,El límite de carga del elemento de descuento no puede ser cero,,
err_discount_item_loading_limit,"Por favor, proporcione el límite de carga del artículo de descuento",,
err_popular_item_loading_limit_zero,El límite de carga del artículo popular no puede ser cero,,
err_popular_item_loading_limit,"Por favor, proporcione el límite de carga del artículo popular",,
err_recent_item_loading_limit_zero,El límite de carga reciente del artículo no puede ser cero,,
err_recent_item_loading_limit,"Por favor, proporcione el límite de carga reciente del artículo",,
err_item_detail_view_count_for_ads_zero,Artículo Detalle Ver el recuento para anuncios no puede ser cero,,
err_item_detail_view_count_for_ads,POR FAVOR PROPORCIONAR EL ARTÍCULO DE DETALLO CON CUENTA PARA ADS,,
err_after_item_count_admob_once_zero,"Después de la cuenta del tablón del artículo, el admob, una vez no puede ser cero",,
err_after_item_count_admob_once,"Por favor, proporcione después de la cuenta del recuento de artículos una vez",,
err_profile_image_size_zero,El tamaño de la imagen del perfil no puede ser cero,,
err_profile_image_size,"Por favor, proporcione el tamaño de la imagen del perfil",,
err_upload_image_size_zero,Subir el tamaño de la imagen no puede ser cero,,
err_upload_image_size,"Por favor, proporcione el tamaño de la imagen de carga",,
err_blue_mark_size_zero,El tamaño de Bluemark no puede ser cero,,
err_blue_mark_size,Por favor proporcione el tamaño de Bluemark,,
err_video_duration_zero,La duración del video no puede ser cero.,,
err_video_duration,Por favor proporcione la duración del video,,
err_mile_zero,Milla no puede ser cero,,
err_mile,Por favor proporcione milla,,
err_chat_image_size_zero,El tamaño de la imagen de chat no puede ser cero,,
err_chat_image_size,"Por favor, proporcione el tamaño de la imagen de chat",,
ad_post_type,Tipo de publicación.,,
err_ad_post_type,"Por favor, proporcione Tipo de Post.",,
select_ad_post_type,Seleccione AD POST TIPO,,
err_promo_cell_blank_save,"Por favor, proporcione el intervalo celular promovido no.",,
err_promo_cell_zero_save,El intervalo celular promovido no. no puede ser cero,,
promo_cell_interval_no,Intervalo celular promovido No.,,
ad_post_section,Ajuste del tipo publicitario.,,
paid_items,Artículos patrocinados,,
promo_cell_interval_desc,(Los anuncios patrocinados o los anuncios de Google van a mostrar en cada x no de la lista).,,
offline_pkg_bought_edit,Editar paquete sin conexión comprado,,
offline_pkg_bought_search,Buscar paquete sin conexión comprado,,
delete_offline_pkg_label,¿Eliminar paquete de anuncios sin conexión comprado?,,
offline_pkg_delete_message_label,¿Está seguro de eliminar el paquete de anuncios sin conexión que compró?,,
offline_pkg_bought_info,Información del paquete comprado sin conexión,,
bought_user,Usuario comprado,,
currency_label,Divisa,,
success_offline_pkg_delete,El paquete de anuncios sin conexión comprado se ha eliminado correctamente.,,
success_offline_pkg_edit,El paquete de anuncios sin conexión comprado se ha actualizado correctamente.,,
success_offline_pkg_add,El paquete de anuncios sin conexión comprado se ha agregado correctamente.,,
offline_paids,Solicitud de artículos patrocinados sin conexión,,
offline_ad_package_bought_request,Solicitud de compra de paquete de anuncios sin conexión,,
err_block_slider_loading_limit,Proporcione el límite de carga del control deslizante de bloque.,,
err_item_detail_view_count_for_ads,Proporcione el número de detalles del artículo para los anuncios.,,
err_item_detail_view_count_for_ads_zero,El recuento de detalles de elementos para los anuncios no puede ser cero.,,
err_promote_fourth_choice_day,Proporcione promover el cuarto día de elección.,,
err_promote_fourth_choice_day_zero,El día de promoción de la cuarta opción no puede ser cero.,,
err_promote_first_choice_day,Proporcione la promoción del primer día de elección.,,
err_promote_first_choice_day_zero,El día de promoción de la primera opción no puede ser cero.,,
err_promote_second_choice_day,Proporcione promover el segundo día de elección.,,
err_promote_second_choice_day_zero,El día de promoción de la segunda opción no puede ser cero.,,
err_promote_third_choice_day,Proporcione promover el tercer día de elección.,,
err_promote_third_choice_day_zero,El día de promoción de la tercera opción no puede ser cero.,,
success_image_reorder,La imagen se ha reordenado correctamente.,,
unauthorize_reorder_img_edit,No tienes permiso para reordenar esta imagen porque no eres propietario.,,
no_transaction_yet,No puede exportar el archivo CSV porque no hay transacción.,,
package_app_purchase_product_id_label,Paquete en compras de aplicaciones ID de producto,,
package_purchase_type_label,Paquete en el tipo de compras de aplicaciones,,
default_map_section,Sección de mapa predeterminada,,
is_force_login,"¿Está activado el inicio de sesión forzado? (Si esta configuración está ""activada"" cuando se inicia la aplicación, el usuario debe iniciar sesión primero).",,
is_language_config,"¿Está activada la configuración de idioma? (Si esta configuración está ""activada"" cuando se inicia la aplicación, el usuario debe seleccionar el idioma).",,
sold_out_items,Artículos agotados,,
sold_out_items_module,Artículos agotados,,
sold_out_item_view,Ver artículos vendidos,,
item_upload_ui_section,Sección de interfaz de usuario de carga de elementos,,
item_upload_ui1,IU de carga de elementos 1,,
item_upload_ui2,IU de carga de elementos 2,,
price_pkg_desc,(El campo de precio solo se usa para otros pagos que no sean IAP (en la aplicación comprada).),,
currency_pkg_desc,(El campo de moneda solo se usa para otros pagos que no sean IAP (en la aplicación comprada).),,
api_keys,Claves API,,
languages,Idiomas,,
versions,Versiones,,
abouts,Acerca de,,
item_address_label,Dirección,,
lat_label,Latitud,,
lng_label,Longitud,,
data_deletion_policy_url,URL de la política de eliminación de datos,,
paid_configs,Configuración de pago,,
in_app_purchased,Comprado en la aplicación,,
in_app_purchases,Comprado en la aplicación,,
module_groups,Configuración del nombre del menú,,
modules,Configuración del nombre del submenú,,
thumbnail_generators,Generadores de miniaturas,,
image_lists,Listas de imágenes,,
categrories,Categorías,,
subcategories,Subcategorías,,
packages,Paquetes,,
item location townships,Artículo Ubicación Municipios,,
item_location_townships,Artículo Ubicación Municipios,,
items,Elementos,,
item_conditions,Condiciones del artículo,,
deal_options,Opciones de oferta,,
blogs,blogs,,
pendings,Pendientes,,
rejects,Rechazos,,
disables,Desactiva,,
blue_mark_users,Usuarios de marca azul,,
Blue mark users,Usuarios de marca azul,,
user_phone_label,Teléfono,,
popularitems,Artículos populares,,
view,Vista,,
ratings,Calificaciones,,
contacts,Contactos,,
transactions,Actas,,
notis,Notificaciones,,
deeplink_generators,Generadores de enlaces profundos,,
Deeplink generators,Generadores de enlaces profundos,,